<application>
  <component name="FeatureSuggesterSettings">
    <option name="workingDays">
      <list>
        <option value="1682341920501" />
        <option value="1682357801934" />
        <option value="1682451188542" />
        <option value="1682560430816" />
        <option value="1683317322149" />
        <option value="1683403052643" />
        <option value="1683483413301" />
        <option value="1683561602363" />
        <option value="1684542368521" />
        <option value="1684837866689" />
        <option value="1684862278970" />
        <option value="1685115320380" />
        <option value="1685330083761" />
      </list>
    </option>
  </component>
</application>